City ID,City,Country,Lat,Lng,Max Temp,Humidity,Cloudiness,Wind Speed,Current Description
0,Boa Vista,BR,2.8197,-60.6733,78.78,83,20,4.61,few clouds
1,Hermanus,ZA,-34.4187,19.2345,52.9,75,0,11.18,clear sky
2,Vao,NC,-22.6667,167.4833,73.45,71,95,3.22,overcast clouds
3,Kirakira,SB,-10.4544,161.9205,83.05,72,100,5.97,overcast clouds
4,Oktyabrskoye,RU,43.0645,44.7417,57.34,94,60,2.37,broken clouds
5,Tasiilaq,GL,65.6145,-37.6368,35.76,96,100,4.47,light rain
6,Hobart,AU,-42.8794,147.3294,58.05,60,75,7.0,moderate rain
7,Wenling,CN,28.3669,121.36,80.91,91,100,1.95,light rain
8,Ribeira Grande,PT,38.5167,-28.7,63.72,87,100,8.14,overcast clouds
9,Deming,US,32.2687,-107.7586,80.49,14,1,5.75,clear sky
10,Chuy,UY,-33.6971,-53.4616,62.91,96,98,6.2,light rain
11,Ushuaia,AR,-54.8,-68.3,29.86,93,40,4.61,scattered clouds
12,Yellowknife,CA,62.456,-114.3525,55.92,76,75,4.61,broken clouds
13,Cabo San Lucas,MX,22.8909,-109.9124,88.41,54,12,12.01,few clouds
14,Rikitea,PF,-23.1203,-134.9692,74.73,75,27,12.06,scattered clouds
15,Hambantota,LK,6.1241,81.1185,80.94,94,75,16.02,broken clouds
16,Ugoofaaru,MV,5.6667,73.0,83.08,78,100,15.9,overcast clouds
17,Te Anau,NZ,-45.4167,167.7167,52.54,91,97,1.12,overcast clouds
18,Arraial Do Cabo,BR,-22.9661,-42.0278,72.55,87,2,16.58,clear sky
19,Omsukchan,RU,62.5333,155.8,48.63,56,26,14.18,scattered clouds
20,Grand-Lahou,CI,5.1367,-5.0242,78.87,88,100,7.31,overcast clouds
21,Znamenka,RU,52.4167,41.4311,55.54,93,100,13.69,light rain
22,San Cristobal,VE,7.7669,-72.225,66.76,97,100,2.44,overcast clouds
23,Bluff,NZ,-46.6,168.3333,49.8,91,100,20.89,light rain
24,Atuona,PF,-9.8,-139.0333,79.41,80,35,19.42,scattered clouds
25,Oktyabrskiy,RU,54.4815,53.471,58.51,53,74,9.57,light rain
26,Manyana,BW,-23.4,21.7167,44.11,64,0,7.87,clear sky
27,Bambous Virieux,MU,-20.3428,57.7575,74.21,88,75,18.32,light rain
28,Faanui,PF,-16.4833,-151.75,80.96,75,67,9.1,moderate rain
29,Oudtshoorn,ZA,-33.5907,22.2014,43.16,43,0,3.0,clear sky
30,Punta Arenas,CL,-53.15,-70.9167,30.31,100,40,5.84,fog
31,Hofn,IS,64.2539,-15.2082,47.17,99,100,7.94,overcast clouds
32,Cherskiy,RU,68.75,161.3,71.51,23,100,18.63,overcast clouds
33,Port Alfred,ZA,-33.5906,26.891,54.77,64,1,8.97,clear sky
34,Meulaboh,ID,4.1363,96.1285,78.49,79,100,4.47,overcast clouds
35,Bay City,US,43.5945,-83.8889,79.36,44,1,17.05,clear sky
36,Gorontalo,ID,0.5412,123.0595,86.76,72,65,6.8,broken clouds
37,Caramay,PH,10.1815,119.236,86.25,74,45,6.85,scattered clouds
38,Dikson,RU,73.5069,80.5464,30.22,96,100,12.24,light snow
39,Rio Gallegos,AR,-51.6226,-69.2181,24.85,100,40,8.05,scattered clouds
40,Adrar,MR,20.5022,-10.0711,87.06,24,0,17.83,clear sky
41,Mataura,NZ,-46.1927,168.8643,49.48,76,100,1.66,overcast clouds
42,Victoria,HK,22.2855,114.1577,83.32,78,100,1.01,overcast clouds
43,Clyde River,CA,70.4692,-68.5914,30.43,93,90,6.91,overcast clouds
44,Sitka,US,57.0531,-135.33,49.89,87,90,3.44,light rain
45,Norman Wells,CA,65.282,-126.8329,59.04,55,75,10.36,broken clouds
46,Hithadhoo,MV,-0.6,73.0833,82.53,75,100,18.95,moderate rain
47,Lavrentiya,RU,65.5833,-171.0,33.17,94,99,6.8,light snow
48,Castro,BR,-24.7911,-50.0119,55.94,90,0,4.14,clear sky
49,Maloy,NO,61.9353,5.1136,57.06,94,88,2.8,overcast clouds
50,Batemans Bay,AU,-35.7167,150.1833,61.92,44,2,5.17,clear sky
51,Santa Cruz,BO,-17.8,-63.1667,71.06,94,92,13.33,overcast clouds
52,Saint Anthony,US,45.0205,-93.218,85.95,37,1,1.99,clear sky
53,Amalapuram,IN,16.5833,82.0167,89.98,52,15,6.62,few clouds
54,Barrow,US,71.2906,-156.7887,33.82,86,90,9.22,overcast clouds
55,Avarua,CK,-21.2078,-159.775,78.85,83,75,18.41,light intensity drizzle
56,Alta Gracia,AR,-31.6529,-64.4283,63.88,69,100,5.39,overcast clouds
57,Coahuayana,MX,18.7333,-103.6833,79.52,80,96,0.89,overcast clouds
58,Hay River,CA,60.8156,-115.7999,49.98,87,75,8.05,broken clouds
59,Blind River,CA,46.1834,-82.9582,61.05,93,19,2.53,few clouds
60,Brae,GB,60.3964,-1.353,49.91,81,83,5.19,broken clouds
61,Tefe,BR,-3.3542,-64.7114,75.16,86,25,0.38,light rain
62,Qaqortoq,GL,60.7167,-46.0333,45.1,70,100,8.68,overcast clouds
63,Almeirim,BR,-1.5233,-52.5817,73.06,97,12,2.86,few clouds
64,Nanortalik,GL,60.1432,-45.2371,40.28,77,100,2.46,overcast clouds
65,Bajil,YE,15.0584,43.2851,86.02,65,0,7.78,clear sky
66,Laguna,US,38.421,-121.4238,89.42,42,1,4.0,clear sky
67,Mahebourg,MU,-20.4081,57.7,74.25,88,75,13.8,light rain
68,Kapaa,US,22.0752,-159.319,82.38,78,40,1.01,light rain
69,Kamenka,RU,51.3223,42.7678,52.54,97,100,12.93,overcast clouds
70,Coquimbo,CL,-29.9533,-71.3436,56.93,94,90,2.68,overcast clouds
71,Milkovo,RU,54.7167,158.6167,53.49,62,100,4.9,light rain
72,Tilichiki,RU,60.4667,166.1,49.73,68,96,4.34,overcast clouds
73,Bredasdorp,ZA,-34.5322,20.0403,52.29,93,0,3.85,clear sky
74,Inirida,CO,3.8653,-67.9239,74.05,97,100,2.13,light rain
75,Cape Town,ZA,-33.9258,18.4232,53.11,87,0,3.29,clear sky
76,San Policarpo,PH,12.1791,125.5072,85.62,66,90,3.87,overcast clouds
77,Tuatapere,NZ,-46.1333,167.6833,49.82,92,98,17.09,moderate rain
78,Khatanga,RU,71.9667,102.5,37.17,74,100,12.03,light rain
79,Ambilobe,MG,-13.2,49.05,70.43,86,0,2.95,clear sky
80,Timra,SE,62.487,17.3257,51.67,87,20,4.61,few clouds
81,Chokurdakh,RU,70.6333,147.9167,78.94,29,91,19.33,overcast clouds
82,Kahului,US,20.8947,-156.47,82.42,67,20,25.32,few clouds
83,Kokopo,PG,-4.352,152.2633,85.6,66,37,6.15,light rain
84,Narsaq,GL,60.9167,-46.05,44.82,69,100,8.16,overcast clouds
85,Springdale,US,36.1867,-94.1288,71.08,75,1,4.97,clear sky
86,La Ronge,CA,55.1001,-105.2842,70.02,40,75,4.61,broken clouds
87,Aklavik,CA,68.2191,-135.0107,38.23,94,100,15.41,overcast clouds
88,Aksarka,RU,66.5606,67.7975,53.11,53,99,20.42,overcast clouds
89,Tuktoyaktuk,CA,69.4541,-133.0374,33.8,93,90,17.27,overcast clouds
90,Porto Velho,BR,-8.7619,-63.9039,75.25,94,0,0.0,clear sky
91,Port-Gentil,GA,-0.7193,8.7815,78.91,83,74,7.09,broken clouds
92,Kavieng,PG,-2.5744,150.7967,84.38,72,52,8.41,broken clouds
93,Faya,SA,18.3851,42.4509,64.51,22,0,3.76,clear sky
94,Balsas,BR,-7.5325,-46.0356,76.6,49,71,4.09,broken clouds
95,Houma,US,29.5958,-90.7195,78.8,94,1,0.0,clear sky
96,Mar Del Plata,AR,-38.0023,-57.5575,55.87,86,100,0.0,mist
97,Lewisporte,CA,49.2499,-55.0482,60.55,84,73,8.72,broken clouds
98,Aleksandrov Gay,RU,50.147,48.5704,62.78,71,100,7.61,overcast clouds
99,Saint-Philippe,RE,-21.3585,55.7679,71.47,83,44,10.58,scattered clouds
100,Sept-Iles,CA,50.2001,-66.3821,58.05,65,20,4.61,few clouds
101,Xinyu,CN,27.8043,114.9334,83.05,51,10,2.08,clear sky
102,Cockburn Town,TC,21.4612,-71.1419,79.74,83,0,21.25,clear sky
103,Kamloops,CA,50.6665,-120.3192,70.83,40,75,14.0,broken clouds
104,Isangel,VU,-19.55,169.2667,84.31,58,20,4.85,few clouds
105,Herat,AF,34.5,62.0,82.99,8,0,17.63,clear sky
106,Xuddur,SO,4.1213,43.8894,71.17,79,2,13.27,clear sky
107,Ilam,NP,26.9167,87.9167,80.06,63,2,4.79,clear sky
108,Upernavik,GL,72.7868,-56.1549,29.91,75,1,9.17,clear sky
109,Maragogi,BR,-9.0122,-35.2225,74.14,85,10,5.21,clear sky
110,Talnakh,RU,69.4865,88.3972,31.33,98,100,9.69,light snow
111,Fukue,JP,32.6881,128.8419,70.16,83,75,8.05,moderate rain
112,Skibbereen,IE,51.55,-9.2667,55.2,92,91,5.41,overcast clouds
113,Nanchang,CN,28.6833,115.8833,80.47,55,56,4.83,broken clouds
114,Bara,NG,10.3744,10.7288,77.22,69,100,11.81,overcast clouds
115,Busselton,AU,-33.65,115.3333,66.04,71,97,8.32,overcast clouds
116,Hit,IQ,33.6416,42.8251,84.85,17,0,11.43,clear sky
117,Albany,US,42.6001,-73.9662,66.45,86,5,3.65,clear sky
118,Abu Dhabi,AE,24.4667,54.3667,86.02,89,0,6.33,haze
119,Esperance,AU,-33.8667,121.9,64.24,51,29,14.18,scattered clouds
120,Jalu,LY,29.0331,21.5482,72.28,34,0,9.82,clear sky
121,New Norfolk,AU,-42.7826,147.0587,57.7,73,100,4.0,moderate rain
122,Kawalu,ID,-7.3817,108.2082,88.65,44,0,3.24,clear sky
123,Ancud,CL,-41.8697,-73.8203,45.23,79,7,10.07,light rain
124,Vangaindrano,MG,-23.35,47.6,66.0,90,22,4.94,few clouds
125,Ypsilanti,US,42.2412,-83.613,78.73,56,1,8.05,clear sky
126,Camopi,GF,3.1655,-52.3158,71.49,100,57,2.19,broken clouds
127,Erlangen,DE,49.5897,11.0039,60.58,86,0,2.48,clear sky
128,Athabasca,CA,54.7169,-113.2854,58.82,97,100,5.88,overcast clouds
129,Nokaneng,BW,-19.6667,22.2667,48.16,60,0,8.55,clear sky
130,Midland,US,31.9974,-102.0779,73.69,64,1,6.91,clear sky
131,Kruisfontein,ZA,-34.0033,24.7314,46.89,66,0,5.59,clear sky
132,Lorengau,PG,-2.0226,147.2712,85.32,69,26,6.31,scattered clouds
133,Nikolskoye,RU,59.7035,30.7861,55.29,60,23,3.33,few clouds
134,Koumac,NC,-20.5667,164.2833,77.05,66,74,8.16,broken clouds
135,Jamestown,US,42.097,-79.2353,71.19,82,75,19.57,broken clouds
136,Codrington,AU,-38.2667,141.9667,57.94,73,100,21.16,light rain
137,San Patricio,US,28.017,-97.5169,78.89,85,9,6.49,clear sky
138,East London,ZA,-33.0153,27.9116,50.94,71,0,8.05,clear sky
139,Libreville,GA,0.3925,9.4537,80.62,89,40,9.22,scattered clouds
140,Vaini,TO,-21.2,-175.2,73.56,83,40,1.14,scattered clouds
141,Ziniare,BF,12.5822,-1.2983,84.24,44,65,8.21,broken clouds
142,Tucuman,AR,-26.8241,-65.2226,60.8,88,0,4.27,clear sky
143,Pangnirtung,CA,66.1451,-65.7125,27.97,77,90,9.98,overcast clouds
144,Airai,TL,-8.9266,125.4092,72.5,56,84,4.34,broken clouds
145,Eyl,SO,7.9803,49.8164,80.2,73,16,17.58,few clouds
146,Vorsma,RU,55.9856,43.2717,61.47,77,0,12.66,clear sky
147,Puerto Ayora,EC,-0.7393,-90.3518,72.55,89,95,3.0,overcast clouds
148,Soe,ID,-9.8607,124.284,80.83,50,82,9.64,broken clouds
149,Mount Gambier,AU,-37.8333,140.7667,53.51,100,90,13.8,moderate rain
150,Mumford,GH,5.2618,-0.759,78.42,85,77,4.16,broken clouds
151,Qaanaaq,GL,77.484,-69.3632,29.37,74,66,7.7,broken clouds
152,Frankfort,ZA,-27.2667,28.4833,35.29,62,0,3.15,clear sky
153,Cascais,PT,38.6979,-9.4215,60.48,75,32,11.01,scattered clouds
154,Ileza,RU,61.0533,43.9002,66.92,53,46,1.99,scattered clouds
155,Barcelos,PT,41.5388,-8.6151,56.84,69,6,4.05,clear sky
156,Kijang,KR,35.2442,129.2139,78.53,63,100,18.16,overcast clouds
157,Hualmay,PE,-11.0964,-77.6139,63.05,88,9,8.23,clear sky
158,Sinnamary,GF,5.3833,-52.95,77.16,91,98,9.37,overcast clouds
159,Luangwa,ZM,-15.6167,30.4167,63.59,62,39,9.22,scattered clouds
160,Caraz,PE,-9.0486,-77.81,61.38,82,97,1.63,overcast clouds
161,Harrisburg,US,40.2737,-76.8844,71.74,77,1,1.01,clear sky
162,Port Elizabeth,ZA,-33.918,25.5701,46.69,87,0,3.44,clear sky
163,Touros,BR,-5.1989,-35.4608,72.5,87,1,10.16,clear sky
164,Victoria Point,AU,-27.5833,153.3,73.18,51,0,1.99,clear sky
165,Tarauaca,BR,-8.1614,-70.7656,72.93,73,100,0.65,overcast clouds
166,Verkhnyaya Inta,RU,65.9811,60.3094,55.76,56,98,12.75,overcast clouds
167,Mananjary,MG,-21.2167,48.3333,68.11,92,12,5.64,few clouds
168,Guerrero Negro,MX,27.9769,-114.0611,63.61,81,65,13.27,broken clouds
169,Margate,GB,51.3813,1.3862,56.3,95,100,4.0,overcast clouds
170,Usinsk,RU,65.9939,57.5281,55.18,55,100,8.28,overcast clouds
171,Fairbanks,US,64.8378,-147.7164,68.0,46,40,6.91,scattered clouds
172,Karratha,AU,-20.7377,116.8463,77.58,43,3,18.3,clear sky
173,Bethel,US,41.3712,-73.414,66.81,91,40,0.0,mist
174,Luderitz,NA,-26.6481,15.1594,66.88,29,0,22.95,clear sky
175,Sibut,CF,5.718,19.0739,69.4,95,67,1.66,light rain
176,Mengyin,CN,35.7069,117.9264,87.42,24,86,2.59,overcast clouds
177,Beringovskiy,RU,63.05,179.3167,39.67,82,55,1.14,broken clouds
178,Georgetown,MY,5.4112,100.3354,87.89,72,20,1.01,few clouds
179,Clive,US,41.603,-93.7241,78.01,51,1,8.05,clear sky
180,Hervey Bay,AU,-25.2986,152.8535,70.02,55,2,4.0,clear sky
181,Deputatskiy,RU,69.3,139.9,77.18,26,100,27.81,overcast clouds
182,Coihaique,CL,-45.5752,-72.0662,37.35,87,75,8.05,broken clouds
183,Severo-Kurilsk,RU,50.6789,156.125,43.25,91,100,16.49,light rain
184,Chute-Aux-Outardes,CA,49.1168,-68.399,66.51,87,40,4.03,scattered clouds
185,Tiksi,RU,71.6872,128.8694,38.3,75,100,5.95,overcast clouds
186,Tevriz,RU,57.509,72.4042,60.58,44,5,9.35,clear sky
187,Nemuro,JP,43.3236,145.575,75.63,93,98,3.69,overcast clouds
188,Butaritari,KI,3.0707,172.7902,83.12,67,100,2.77,overcast clouds
189,Tessalit,ML,20.1986,1.0114,91.78,11,3,7.85,clear sky
190,Cam Ranh,VN,11.9214,109.1591,94.96,55,0,7.2,clear sky
191,Hilo,US,19.7297,-155.09,78.53,72,20,13.8,few clouds
192,Erzin,TR,36.9559,36.2,68.72,74,2,3.06,clear sky
193,Kendari,ID,-3.945,122.4989,80.67,84,96,2.42,overcast clouds
194,Cleveland,US,41.4995,-81.6954,75.96,67,40,10.78,scattered clouds
195,Vila Do Maio,CV,15.1333,-23.2167,75.99,84,38,22.73,scattered clouds
196,Lagoa,PT,39.05,-27.9833,62.33,89,84,10.65,broken clouds
197,Westport,US,41.1415,-73.3579,67.98,95,1,1.01,clear sky
198,Rawson,AR,-43.3002,-65.1023,46.44,57,0,13.02,clear sky
199,Auki,SB,-8.7676,160.7034,85.46,63,91,2.26,overcast clouds
200,Raton,US,36.9034,-104.4391,66.54,44,1,4.16,clear sky
201,Pundaguitan,PH,6.3711,126.1689,82.56,76,100,4.88,overcast clouds
202,Ponta Do Sol,PT,32.6667,-17.1,65.03,57,21,4.9,few clouds
203,Vila,PT,42.0304,-8.1588,45.93,87,4,4.25,clear sky
204,Lebu,CL,-37.6167,-73.65,49.59,83,3,4.74,clear sky
205,Port Keats,AU,-14.25,129.55,86.25,27,8,12.15,clear sky
206,Mujiayingzi,CN,42.1167,118.7833,73.72,26,53,15.55,broken clouds
207,Geraldton,AU,-28.7667,114.6,69.13,55,0,5.59,clear sky
208,Xixiang,CN,35.1628,112.865,101.48,7,19,10.09,few clouds
209,Singaraja,ID,-8.112,115.0882,86.13,64,36,2.71,scattered clouds
210,Kasongo-Lunda,CD,-6.4667,16.8167,65.73,63,31,1.48,scattered clouds
211,Surany,SK,48.0861,18.1845,59.95,77,9,4.41,clear sky
212,Biltine,TD,14.5333,20.9167,85.73,35,28,15.05,scattered clouds
213,Nuevo Progreso,MX,23.1667,-97.95,78.6,80,68,0.54,broken clouds
214,Chapeco,BR,-27.0964,-52.6183,57.78,87,0,3.02,clear sky
215,Denpasar,ID,-8.65,115.2167,85.66,79,20,8.99,few clouds
216,Carnarvon,AU,-24.8667,113.6333,73.47,46,13,9.22,few clouds
217,Sobolevo,RU,54.4299,31.8996,56.43,79,50,5.08,scattered clouds
218,Moron,AR,-34.6534,-58.6198,62.29,94,100,5.99,overcast clouds
219,Saint Peter,BB,13.25,-59.6167,79.36,78,98,20.2,overcast clouds
220,Mezen,RU,65.8522,44.24,69.03,43,4,9.33,clear sky
221,Ahipara,NZ,-35.1667,173.1667,59.97,77,100,13.87,moderate rain
222,Olafsvik,IS,64.8945,-23.7142,47.3,93,100,7.52,overcast clouds
223,Kudahuvadhoo,MV,2.6708,72.8944,83.32,75,100,18.03,overcast clouds
224,Monterey,US,36.2505,-121.2516,52.09,1,5,7.49,clear sky
225,Kenai,US,60.5544,-151.2583,63.03,50,1,11.5,clear sky
226,Southbridge,US,42.0751,-72.0334,66.09,97,2,3.58,clear sky
227,Jumla,NP,29.2747,82.1838,69.82,52,15,4.92,few clouds
228,Banganapalle,IN,15.3167,78.2333,80.6,70,100,0.81,overcast clouds
229,Vila Franca Do Campo,PT,37.7167,-25.4333,63.01,83,100,5.17,overcast clouds
230,Wajir,KE,1.7471,40.0573,73.33,82,77,12.86,broken clouds
231,Souillac,MU,-20.5167,57.5167,74.35,88,75,13.31,broken clouds
232,Ternate,ID,0.8,127.4,85.62,67,99,1.25,overcast clouds
233,Haines Junction,CA,60.7522,-137.5108,60.75,29,96,8.05,overcast clouds
234,Mandalgovi,MN,45.7625,106.2708,74.84,17,51,8.23,broken clouds
235,Blairmore,CA,49.6,-114.4353,68.92,30,19,11.5,few clouds
236,Sindi,IN,20.8,78.8667,85.08,47,57,9.22,broken clouds
237,Bani Walid,LY,31.7566,13.9942,61.86,81,94,5.06,overcast clouds
238,Ayan,RU,56.45,138.1667,39.87,92,70,9.31,broken clouds
239,Mayumba,GA,-3.432,10.6554,75.25,94,54,5.66,broken clouds
240,Prince Rupert,CA,54.3161,-130.3201,49.69,93,90,11.5,mist
241,Yulara,AU,-25.2406,130.9889,64.24,39,0,13.8,clear sky
242,Mae Hong Son,TH,19.3003,97.9685,80.74,89,75,0.0,broken clouds
243,Iqaluit,CA,63.7506,-68.5145,35.33,74,90,13.0,overcast clouds
244,Natchez,US,31.5604,-91.4032,73.62,91,90,0.0,moderate rain
245,Fortuna,US,40.5982,-124.1573,58.66,66,1,1.01,clear sky
246,Rorvik,NO,64.8621,11.2373,53.53,82,3,6.35,clear sky
247,College,US,64.8569,-147.8028,69.46,45,75,1.99,broken clouds
248,Albury,AU,-36.0833,146.9167,53.02,58,83,5.75,broken clouds
249,Luanda,AO,-8.8368,13.2343,77.0,83,75,5.75,broken clouds
250,Komono,JP,35.0,136.5167,81.25,57,93,4.12,moderate rain
251,Ilulissat,GL,69.2167,-51.1,50.02,40,26,21.85,scattered clouds
252,Boulsa,BF,12.6675,-0.5758,85.12,50,66,13.94,broken clouds
253,Owando,CG,-0.4819,15.8999,71.98,85,67,2.73,broken clouds
254,Vallenar,CL,-28.5708,-70.7581,56.71,82,100,1.07,overcast clouds
255,Sorland,NO,67.667,12.6934,48.52,94,30,13.8,scattered clouds
256,Paamiut,GL,61.994,-49.6678,40.51,75,100,21.61,light rain
257,Klaksvik,FO,62.2266,-6.589,50.92,92,55,11.88,broken clouds
258,Stephenville Crossing,CA,48.5,-58.4318,51.93,100,90,4.61,fog
259,Samana,DO,19.2056,-69.3369,76.66,86,20,9.42,few clouds
260,Uray,RU,60.1247,64.7758,65.68,43,72,11.79,broken clouds
261,Katsuura,JP,35.1333,140.3,75.31,80,82,9.6,broken clouds
262,Manokwari,ID,-0.8667,134.0833,81.1,80,75,6.2,broken clouds
263,Margherita,IN,27.2833,95.6833,72.88,95,100,1.81,overcast clouds
264,Caluquembe,AO,-13.7833,14.6833,48.74,44,0,3.58,clear sky
265,Auxerre,FR,47.8,3.5667,58.86,99,100,9.1,overcast clouds
266,Bengkulu,ID,-3.8004,102.2655,76.24,92,100,8.52,overcast clouds
267,Torbay,CA,47.6666,-52.7314,54.75,97,90,18.41,overcast clouds
268,Kuching,MY,1.55,110.3333,82.62,83,40,3.44,scattered clouds
269,Bonfim,BR,3.0833,-59.95,78.39,81,65,2.62,broken clouds
270,Iberia,US,29.9502,-91.7507,75.97,88,1,7.65,clear sky
271,Den Helder,NL,52.9599,4.7593,60.98,99,75,5.99,light rain
272,Tabou,CI,4.423,-7.3528,78.31,88,100,5.41,overcast clouds
273,Bloomfield,US,40.8068,-74.1854,67.86,91,1,1.01,mist
274,Adre,TD,13.4667,22.2,78.46,47,62,6.58,broken clouds
275,San Quintin,MX,30.4833,-115.95,64.44,86,1,5.77,clear sky
276,Provideniya,RU,64.3833,-173.3,39.96,64,62,7.34,broken clouds
277,Umm Kaddadah,SD,13.6017,26.6876,82.09,43,95,3.6,overcast clouds
278,Kodiak,US,57.79,-152.4072,60.31,41,40,10.36,scattered clouds
279,Cidreira,BR,-30.1811,-50.2056,65.08,89,78,6.69,broken clouds
280,Ordu,TR,40.9086,37.6845,46.9,92,100,2.24,overcast clouds
281,Ambunti,PG,-4.2365,142.8448,78.71,93,100,2.17,overcast clouds
282,Ilebo,CD,-4.3167,20.5833,70.92,79,14,1.39,few clouds
283,Nouadhibou,MR,20.931,-17.0347,67.98,64,0,25.32,clear sky
284,Popondetta,PG,-8.7537,148.2534,77.2,96,100,3.47,light rain
285,Port Lavaca,US,28.615,-96.6261,77.99,89,1,0.0,clear sky
286,Salalah,OM,17.0151,54.0924,82.49,78,75,4.61,broken clouds
287,Dukat,RU,62.55,155.55,47.3,56,9,14.34,clear sky
288,Nyimba,ZM,-14.5566,30.8149,56.89,72,2,8.46,clear sky
289,Peniche,PT,39.3558,-9.3811,59.74,87,45,18.01,scattered clouds
290,Gornopravdinsk,RU,60.05,69.9,65.07,42,26,12.35,scattered clouds
291,Pechenga,RU,69.5259,31.1703,50.86,65,77,10.67,broken clouds
292,Sao Francisco,BR,-15.9486,-44.8644,68.74,62,0,7.14,clear sky
293,Rio Grande,BR,-32.035,-52.0986,65.23,88,42,11.43,scattered clouds
294,Constitucion,CL,-35.3333,-72.4167,51.89,86,49,9.57,scattered clouds
295,Tornio,FI,65.8481,24.1466,55.42,71,82,4.68,broken clouds
296,Saskylakh,RU,71.9167,114.0833,38.86,70,90,10.25,overcast clouds
297,Kupang,ID,-10.1667,123.5833,90.18,51,40,13.8,scattered clouds
298,Lokosovo,RU,61.1333,74.8167,61.23,47,66,17.83,broken clouds
299,Udachnyy,RU,66.4167,112.4,52.3,33,99,17.45,overcast clouds
300,Poum,NC,-20.2333,164.0167,74.91,72,23,8.43,few clouds
301,Buraydah,SA,26.326,43.975,86.45,10,23,9.17,few clouds
302,Constantine,DZ,36.365,6.6147,65.61,88,75,1.14,broken clouds
303,Tabuleiro Do Norte,BR,-5.2467,-38.1306,71.6,90,3,5.7,clear sky
304,Pahrump,US,36.2083,-115.9839,98.65,14,0,9.62,clear sky
305,Namibe,AO,-15.1961,12.1522,70.56,57,0,3.38,clear sky
306,Taldan,RU,53.6667,124.8,70.88,21,0,8.84,clear sky
307,Henties Bay,NA,-22.116,14.2845,72.86,34,0,16.4,clear sky
308,Severo-Yeniseyskiy,RU,60.3725,93.0408,48.45,35,62,5.59,broken clouds
309,Pangody,RU,65.85,74.4859,48.0,64,100,20.31,overcast clouds
310,Halifax,CA,44.6453,-63.5724,63.41,95,100,5.75,overcast clouds
311,Akdagmadeni,TR,39.6603,35.8836,48.76,70,15,2.04,few clouds
312,Bafia,CM,4.75,11.2333,70.23,98,100,3.04,light rain
313,Bandarbeyla,SO,9.4942,50.8122,81.21,72,70,20.78,broken clouds
314,Tateyama,JP,34.9833,139.8667,75.22,81,51,9.08,broken clouds
315,San Giovanni Rotondo,IT,41.7049,15.7191,56.82,82,20,2.68,few clouds
316,Baoshan,CN,46.5586,131.4244,64.83,63,44,1.74,scattered clouds
317,Erenhot,CN,43.6475,111.9767,76.69,17,5,5.99,clear sky
318,Columbus,US,39.9612,-82.9988,72.43,77,1,6.58,clear sky
319,Aksu,CN,41.1231,80.2644,86.83,15,0,8.84,clear sky
320,Lompoc,US,34.6391,-120.4579,61.57,85,90,6.06,mist
321,Saint George,US,37.1041,-113.5841,99.19,12,1,6.91,clear sky
322,Slave Lake,CA,55.2834,-114.769,64.38,59,75,4.61,broken clouds
323,Tupik,RU,54.4253,119.9327,72.01,35,0,4.54,clear sky
324,Kathu,TH,7.9178,98.3332,83.7,79,100,7.4,moderate rain
325,Telica,NI,12.522,-86.8594,79.93,70,58,2.44,broken clouds
326,Hornepayne,CA,49.2138,-84.7705,60.37,93,100,12.17,overcast clouds
327,Naze,JP,28.3667,129.4833,70.72,87,100,15.77,light rain
328,Bonavista,CA,48.6499,-53.1147,55.4,97,91,15.46,overcast clouds
329,Marsh Harbour,BS,26.5412,-77.0636,78.17,83,78,14.07,broken clouds
330,Porto Novo,BJ,6.4965,2.6036,75.02,85,95,3.24,overcast clouds
331,Inuvik,CA,68.3499,-133.7218,38.41,96,90,10.36,mist
332,Cayenne,GF,4.9333,-52.3333,78.1,89,0,7.09,clear sky
333,Asau,RO,46.4333,26.4,54.75,83,69,3.78,broken clouds
334,Sokoni,TZ,-6.4333,39.55,79.09,76,53,13.15,broken clouds
335,Belyy Yar,RU,53.6039,91.3903,57.09,88,75,20.2,moderate rain
336,Corinto,GR,37.9407,22.9573,68.68,65,7,1.9,clear sky
337,Wakkanai,JP,45.4094,141.6739,64.38,68,75,33.38,broken clouds
338,Tooele,US,40.5308,-112.2983,85.82,34,75,3.89,haze
339,Haicheng,CN,40.8516,122.7475,76.98,37,29,11.43,scattered clouds
340,Fredericksburg,US,38.3032,-77.4605,73.38,90,1,0.0,mist
341,Hamilton,US,39.1834,-84.5333,71.35,82,1,4.0,clear sky
342,Sahibganj,IN,25.25,87.65,102.04,28,4,7.72,clear sky
343,Bentiu,SS,9.2333,29.8333,75.56,68,58,4.32,broken clouds
344,Jalaun,IN,26.1451,79.3366,97.27,29,87,8.7,overcast clouds
345,Lata,PT,40.1629,-8.3327,55.72,80,13,3.36,few clouds
346,Mkushi,ZM,-13.6202,29.3939,51.93,86,0,11.07,clear sky
347,Iracoubo,GF,5.4802,-53.2011,77.22,91,87,9.86,light rain
348,Itarema,BR,-2.9248,-39.9167,77.25,84,4,11.86,clear sky
349,Savonlinna,FI,61.8699,28.88,59.05,72,0,2.3,clear sky
350,Marystown,CA,47.1666,-55.1483,52.86,100,100,8.1,overcast clouds
351,Lincoln,US,40.8,-96.667,82.47,48,20,9.22,few clouds
352,Ajdabiya,LY,30.7554,20.2263,67.26,49,0,10.18,clear sky
353,Raudeberg,NO,61.9875,5.1352,56.19,94,89,3.15,overcast clouds
354,Jasper,US,37.2001,-94.3502,71.04,77,1,8.28,clear sky
355,Wailuku,US,20.8911,-156.5047,81.55,67,20,7.0,few clouds
356,Hammond,US,41.5834,-87.5,80.8,46,1,4.0,clear sky
357,San Nicolas,PH,18.1725,120.5953,89.51,74,75,11.5,broken clouds
358,Chama,CH,47.1821,8.4636,63.05,90,75,3.78,fog
359,Chambersburg,US,39.9376,-77.6611,71.04,81,3,5.14,clear sky
360,Ninh Binh,VN,20.2539,105.975,91.54,53,94,0.43,overcast clouds
361,Abu Samrah,SY,35.3029,37.1841,65.66,63,0,7.23,clear sky
362,Abnub,EG,27.2696,31.1511,68.22,54,0,13.87,clear sky
363,Vila Velha,BR,-20.3297,-40.2925,69.94,94,75,3.0,broken clouds
364,Aban,RU,56.67,96.06,48.09,92,100,11.27,light rain
365,Vizinga,RU,61.0749,50.1031,69.82,44,17,4.09,few clouds
366,Duncan,US,34.5023,-97.9578,72.05,74,1,3.44,clear sky
367,Koulikoro,ML,14.0,-7.75,88.41,26,1,2.64,clear sky
368,Yerbogachen,RU,61.2767,108.0108,55.76,48,100,8.66,overcast clouds
369,Selenginsk,RU,52.0064,106.8647,75.61,22,15,4.03,few clouds
370,Malindi,KE,-3.2175,40.1191,78.96,78,20,3.44,light rain
371,Kargasok,RU,59.0556,80.8572,55.35,43,16,12.84,few clouds
372,Pevek,RU,69.7008,170.3133,38.5,99,100,10.09,moderate rain
373,Zyryanka,RU,65.75,150.85,75.07,22,45,23.67,scattered clouds
374,Krasnyy Chikoy,RU,50.3643,108.7512,79.79,30,6,2.1,clear sky
375,Indramayu,ID,-6.3264,108.32,85.06,69,2,6.46,clear sky
376,Egvekinot,RU,66.3167,-179.1667,36.52,72,26,3.96,scattered clouds
377,Sheltozero,RU,61.3667,35.3667,56.48,63,2,1.34,clear sky
378,Nuuk,GL,64.1835,-51.7216,39.81,93,90,4.61,mist
379,Villa Carlos Paz,AR,-31.4241,-64.4978,62.38,73,100,3.15,overcast clouds
380,Goundam,ML,16.4145,-3.6708,91.42,14,18,4.9,few clouds
381,Troitsko-Pechorsk,RU,62.7084,56.1964,72.72,38,67,8.57,broken clouds
382,Khani,GE,41.9563,42.9566,51.37,67,9,2.04,clear sky
383,Walkerburn,GB,55.6236,-3.017,48.34,93,2,4.76,clear sky
384,Makakilo City,US,21.3469,-158.0858,82.72,51,40,12.66,scattered clouds
385,Hasaki,JP,35.7333,140.8333,77.29,72,67,7.76,broken clouds
386,Carson City,US,39.1638,-119.7674,84.74,19,1,6.91,clear sky
387,Sibolga,ID,1.7427,98.7792,77.65,77,100,3.71,overcast clouds
388,Sao Filipe,CV,14.8961,-24.4956,73.36,77,39,12.75,scattered clouds
389,Hirara,JP,24.8,125.2833,80.46,94,75,34.52,heavy intensity rain
390,Tarko-Sale,RU,64.9225,77.785,52.0,65,100,8.01,overcast clouds
391,Trelew,AR,-43.249,-65.3051,45.68,56,0,12.64,clear sky
392,Leningradskiy,RU,69.3833,178.4167,35.19,95,76,9.78,broken clouds
393,Birao,CF,10.2849,22.7882,78.21,65,100,2.53,overcast clouds
394,San Carlos De Bariloche,AR,-41.1456,-71.3082,37.15,87,75,8.21,broken clouds
395,Luena,AO,-11.7833,19.9167,47.46,56,60,4.81,broken clouds
396,Dalbandin,PK,28.8947,64.4101,93.38,26,0,6.51,clear sky
397,Pincher Creek,CA,49.4833,-113.952,71.29,31,1,17.27,clear sky
398,Kabinda,CD,-6.1333,24.4833,70.45,59,71,3.6,broken clouds
399,Hami,CN,42.8,93.45,89.78,18,100,8.34,overcast clouds
400,Emerald,AU,-23.5333,148.1667,69.94,37,0,10.36,clear sky
401,Khairagarh,IN,26.95,77.8167,99.66,26,74,9.04,broken clouds
402,Shingu,JP,33.7333,135.9833,76.19,82,100,1.7,overcast clouds
403,Yar-Sale,RU,66.8333,70.8333,47.88,68,100,21.41,light rain
404,Berlevag,NO,70.8578,29.0864,44.28,88,100,18.97,overcast clouds
405,Tura,IN,25.5198,90.2201,83.41,80,22,6.87,few clouds
406,Odweyne,SO,9.4092,45.064,72.41,64,41,16.33,scattered clouds
407,Mount Isa,AU,-20.7333,139.5,71.37,30,82,12.66,broken clouds
408,Panacan,PH,9.2463,118.4082,91.51,69,87,8.1,overcast clouds
409,Kavaratti,IN,10.5669,72.642,82.6,79,100,14.2,overcast clouds
410,Khorinsk,RU,52.1657,109.7726,78.8,26,4,3.4,clear sky
411,Kaputa,ZM,-8.4689,29.6619,67.93,71,65,7.96,broken clouds
412,Mehamn,NO,71.0357,27.8492,43.68,87,100,21.05,overcast clouds
413,Komsomolskiy,UZ,40.4272,71.7189,84.92,28,1,2.3,clear sky
414,Paranagua,BR,-25.52,-48.5092,72.77,98,31,1.9,scattered clouds
415,Saldanha,ZA,-33.0117,17.9442,42.85,48,7,6.46,clear sky
416,Paita,PE,-5.0892,-81.1144,67.73,81,79,9.46,broken clouds
417,San Pedro,PH,14.35,121.0167,90.63,70,40,11.07,scattered clouds
418,Praia,CV,14.9215,-23.5087,75.74,60,40,24.16,scattered clouds
419,Srandakan,ID,-7.9386,110.2506,87.06,61,5,3.11,clear sky
420,Ucluelet,CA,48.9329,-125.5528,53.1,92,100,8.84,overcast clouds
421,Thoen,TH,17.6129,99.2161,95.49,45,97,3.96,overcast clouds
422,Balikpapan,ID,-1.2675,116.8289,86.99,79,20,6.91,few clouds
423,Bar Harbor,US,44.3876,-68.2039,64.67,92,1,6.93,clear sky
424,Rincon,US,32.296,-81.2354,78.85,92,40,3.33,scattered clouds
425,Ostrovnoy,RU,68.0531,39.5131,51.96,64,72,6.53,broken clouds
426,Vardo,NO,70.3705,31.1107,45.16,87,99,11.43,overcast clouds
427,Lagonoy,PH,13.7342,123.5207,92.84,58,95,4.43,overcast clouds
428,Kibala,TD,9.1104,18.3463,75.29,77,93,3.0,overcast clouds
429,Coari,BR,-4.085,-63.1414,75.16,93,69,2.39,broken clouds
430,Aquiraz,BR,-3.9014,-38.3911,81.18,86,6,10.31,clear sky
431,Kaitangata,NZ,-46.2817,169.8464,55.92,64,100,10.54,overcast clouds
432,Shitanjing,CN,39.2342,106.3439,81.05,10,1,5.19,clear sky
433,Strezhevoy,RU,60.7333,77.5889,57.18,44,46,11.97,scattered clouds
434,Binga,ZW,-17.6203,27.3414,52.34,66,1,1.77,clear sky
435,Biloela,AU,-24.4167,150.5,72.1,27,0,15.21,clear sky
436,Jining,CN,35.405,116.5814,91.44,18,97,6.08,overcast clouds
437,Palmer,US,42.1584,-72.3287,66.61,87,1,2.86,clear sky
438,Phibun Mangsahan,TH,15.2447,105.2291,98.11,54,99,8.9,overcast clouds
439,Havre-Saint-Pierre,CA,50.2334,-63.5986,50.0,93,1,0.0,clear sky
440,Los Llanos De Aridane,ES,28.6585,-17.9182,64.15,77,75,14.25,broken clouds
441,Paris,FR,48.8534,2.3488,59.58,94,90,1.99,mist
442,Bambanglipuro,ID,-7.95,110.2833,86.94,61,5,2.77,clear sky
443,Santa Maria Del Oro,MX,25.9333,-105.3667,73.31,32,63,14.9,broken clouds
444,Umm Lajj,SA,25.0213,37.2685,81.03,68,1,9.53,clear sky
445,Areosa,PT,41.7178,-8.8571,57.24,73,4,8.25,clear sky
446,Sechura,PE,-5.5569,-80.8222,68.11,75,61,9.73,broken clouds
447,Road Town,VG,18.4167,-64.6167,79.2,76,100,22.26,overcast clouds
448,Priiskovyy,RU,51.9333,116.6333,73.54,35,3,3.91,clear sky
449,Ponta Delgada,PT,37.7333,-25.6667,63.32,82,40,6.91,scattered clouds
450,Warrnambool,AU,-38.3833,142.4833,55.81,72,100,23.2,moderate rain
451,Mvuma,ZW,-19.2792,30.5283,40.37,94,0,9.98,clear sky
452,Salamanca,ES,40.8333,-6.0,50.99,83,26,7.7,scattered clouds
453,Saint-Felicien,CA,48.6501,-72.4491,59.5,77,40,4.43,scattered clouds
454,Waipawa,NZ,-41.4122,175.5153,55.45,65,91,7.87,overcast clouds
455,Pimenta Bueno,BR,-11.6725,-61.1936,70.5,79,99,1.41,overcast clouds
456,Ust-Tsilma,RU,65.441,52.1498,68.02,44,33,8.43,scattered clouds
457,Chumikan,RU,54.7183,135.315,41.58,83,99,5.82,overcast clouds
458,Vadu Pasii,RO,45.1667,26.9,59.13,71,94,4.38,overcast clouds
459,Decatur,US,39.8403,-88.9548,73.45,56,1,9.22,clear sky
460,Santa Maria,BR,-29.6842,-53.8069,74.5,64,0,7.85,clear sky
461,Lielvarde,LV,56.7207,24.8074,58.59,82,100,3.8,overcast clouds
462,La Palma,US,33.8464,-118.0467,75.42,80,90,4.0,overcast clouds
463,Saint-Pierre,RE,-21.3393,55.4781,72.57,74,0,4.61,clear sky
464,Sokolac,BA,43.9397,18.8017,45.57,82,15,3.31,few clouds
465,Lubango,AO,-14.9172,13.4925,52.05,30,0,3.15,clear sky
466,Kutum,SD,14.2,24.6667,74.03,48,87,6.22,overcast clouds
467,Pilot Butte,CA,50.4668,-104.4178,76.62,30,20,7.34,few clouds
468,Altamont,US,42.2068,-121.7372,75.04,29,1,19.57,clear sky
469,Bonthe,SL,7.5264,-12.505,79.59,84,89,4.97,light rain
470,Berdigestyakh,RU,62.0989,126.6992,82.76,21,46,13.67,scattered clouds
471,Husavik,IS,66.0449,-17.3389,49.91,99,100,5.19,overcast clouds
472,Linxia,CN,35.6003,103.2064,79.34,16,1,2.75,clear sky
473,Port Macquarie,AU,-31.4333,152.9167,65.89,52,10,11.1,clear sky
474,Rocha,UY,-34.4833,-54.3333,64.11,99,100,4.68,overcast clouds
475,Mayo,US,38.8876,-76.5119,73.35,93,1,1.01,clear sky
476,Almenara,BR,-16.1836,-40.6944,67.93,93,90,2.21,overcast clouds
477,Kumla,SE,59.1277,15.1434,60.67,86,7,2.42,clear sky
478,Port Lincoln,AU,-34.7333,135.8667,64.56,66,99,19.17,overcast clouds
479,Okahandja,NA,-21.9833,16.9167,50.31,52,0,10.76,clear sky
480,Tirau,NZ,-37.9833,175.75,59.07,77,90,5.53,overcast clouds
481,Merritt,CA,50.1123,-120.7942,60.46,60,85,6.6,overcast clouds
482,Fort Nelson,CA,58.8053,-122.7002,67.59,28,75,4.61,broken clouds
483,Gualan,GT,15.1333,-89.3667,75.56,98,80,1.88,broken clouds
484,Oussouye,SN,12.485,-16.5469,78.98,80,18,6.38,few clouds
485,Minot,US,48.2325,-101.2963,80.82,39,1,5.75,clear sky
486,Nha Trang,VN,12.25,109.1833,93.2,52,100,7.63,overcast clouds
487,Dudinka,RU,69.4058,86.1778,32.63,82,99,11.39,overcast clouds
488,Thinadhoo,MV,0.5333,72.9333,82.63,76,100,19.15,overcast clouds
489,Thompson,CA,55.7435,-97.8558,50.16,93,90,5.75,overcast clouds
490,Rawah,IQ,34.4816,41.9093,82.81,18,0,7.61,clear sky
491,Trairi,BR,-3.2778,-39.2689,77.36,81,3,8.9,clear sky
492,Ntchisi,MW,-13.5278,33.9149,48.29,92,35,4.03,scattered clouds
493,Topolobampo,MX,25.6,-109.05,82.31,61,1,0.0,clear sky
494,Buchanan,LR,5.8808,-10.0467,77.99,86,89,2.13,overcast clouds
495,Tiarei,PF,-17.5333,-149.3333,82.42,74,19,9.75,few clouds
496,Aksha,RU,50.2814,113.2867,76.86,27,2,2.64,clear sky
497,Matagami,CA,49.7502,-77.6328,57.31,94,90,9.19,moderate rain
498,Tapolca,HU,46.8815,17.4412,55.54,76,75,4.25,broken clouds
499,Marawi,PH,7.9986,124.2928,81.64,54,95,3.27,overcast clouds
500,Santa Barbara,US,34.7333,-120.0343,54.82,80,0,1.36,clear sky
501,San Andres,CO,12.5847,-81.7006,82.42,78,40,8.05,scattered clouds
502,Huanren,CN,41.2647,125.3667,67.23,58,97,10.96,overcast clouds
503,Goksun,TR,38.021,36.4973,47.35,63,0,7.31,clear sky
504,Ilabaya,PE,-17.4208,-70.5133,63.32,55,39,1.95,scattered clouds
505,Talavera De La Reina,ES,39.9635,-4.8308,61.56,60,78,6.22,broken clouds
506,General Roca,AR,-39.0333,-67.5833,52.2,44,18,19.1,few clouds
507,Camden,US,39.7835,-74.9663,70.21,96,2,5.79,clear sky
508,Mainburg,DE,48.65,11.7833,61.18,94,80,5.5,light rain
509,Cordoba,AR,-31.4135,-64.1811,65.75,61,75,4.0,broken clouds
510,Stornoway,GB,58.2093,-6.3865,54.93,82,75,6.91,broken clouds
511,Macklin,CA,52.3334,-109.9348,76.33,53,42,10.04,scattered clouds
512,Boma,GH,7.0805,-2.1697,72.01,100,46,2.21,scattered clouds
513,Chontalpa,MX,17.7,-93.5167,78.31,84,84,1.74,broken clouds
514,Caravelas,BR,-17.7125,-39.2481,72.36,91,63,7.4,broken clouds
515,Takoradi,GH,4.8845,-1.7554,78.51,85,79,3.0,light rain
516,Edd,ER,13.9297,41.6925,88.09,59,31,2.46,scattered clouds
517,Sulina,RO,45.1559,29.6536,61.18,68,82,8.14,broken clouds
518,Olinda,BR,-8.0089,-34.8553,73.13,83,40,8.88,scattered clouds
519,Lodja,CD,-3.4833,23.4333,70.36,79,50,1.61,scattered clouds
520,Tarnos,FR,43.5417,-1.4628,57.81,100,75,2.3,broken clouds
521,Kontagora,NG,10.3999,5.4695,71.44,82,22,0.47,few clouds
522,Ust-Koksa,RU,50.2696,85.6108,52.54,58,52,10.47,broken clouds
523,Tigil,RU,57.8,158.6667,49.44,92,100,6.98,moderate rain
524,Zhanaozen,KZ,43.3,52.8,75.9,41,9,19.71,clear sky
525,Dunedin,NZ,-45.8742,170.5036,57.79,48,100,11.01,overcast clouds
526,Costinesti,RO,43.95,28.6333,61.72,74,61,11.68,broken clouds
527,Contamana,PE,-7.3333,-75.0167,71.91,99,77,0.45,broken clouds
528,Longyearbyen,SJ,78.2186,15.6401,33.64,69,75,17.27,broken clouds
529,Puerto Leguizamo,CO,-0.1934,-74.7819,69.91,99,65,0.2,broken clouds
530,Namioka,JP,40.7072,140.5894,75.9,56,40,19.57,scattered clouds
531,Portland,US,45.5234,-122.6762,71.55,52,75,1.99,broken clouds
532,Pervomayskoye,RU,43.919,46.7102,66.76,71,54,1.74,broken clouds
533,Srednekolymsk,RU,67.45,153.6833,76.87,20,90,21.79,overcast clouds
534,Price,US,39.5994,-110.8107,83.46,14,1,10.36,clear sky
535,Santa Cruz De La Palma,ES,28.6835,-17.7642,68.14,64,75,11.5,broken clouds
536,Korla,CN,41.7597,86.1469,87.33,15,27,4.34,scattered clouds
537,Maridi,SS,4.9158,29.4742,65.46,94,93,2.62,light rain
538,Lasa,IT,46.6166,10.7002,54.34,96,67,2.75,broken clouds
539,Thai Binh,VN,20.45,106.3333,84.2,54,62,0.85,broken clouds
540,Ulaanbaatar,MN,47.9077,106.8832,75.33,23,20,5.82,few clouds
541,Gat,IL,31.61,34.7642,66.07,72,1,1.57,clear sky
542,Dryden,CA,49.7833,-92.7503,79.09,41,20,5.75,few clouds
543,Nouakchott,MR,18.0858,-15.9785,82.33,49,12,14.18,few clouds
544,Dezhou,CN,37.4486,116.2925,90.95,13,1,8.84,clear sky
545,Young,UY,-32.6833,-57.6333,67.23,95,86,5.39,overcast clouds
546,Nelson Bay,AU,-32.7167,152.15,63.77,57,22,1.99,few clouds
547,Naerbo,NO,58.6667,5.65,56.98,68,100,2.93,overcast clouds
548,Tarragona,ES,41.129,1.249,66.25,82,20,1.14,few clouds
549,Rize,TR,40.9044,40.8949,42.78,87,65,2.51,broken clouds
550,Dire,ML,12.2833,-10.9667,85.26,41,58,3.89,broken clouds
551,Shar,KZ,49.5886,81.0453,48.2,71,98,20.83,overcast clouds
552,Cap Malheureux,MU,-19.9842,57.6142,74.46,85,14,3.0,few clouds
553,Urumqi,CN,43.801,87.6005,79.75,28,20,8.48,few clouds
554,Campos Belos,BR,-13.0367,-46.7717,68.11,64,5,5.95,clear sky
555,Camacupa,AO,-12.0167,17.4833,48.04,50,14,4.88,few clouds
556,Nishihara,JP,26.1842,127.7558,87.46,79,90,15.57,overcast clouds
557,Turukhansk,RU,65.8167,87.9833,37.83,72,99,10.54,overcast clouds
558,Afsin,TR,38.2477,36.914,54.54,56,0,3.76,clear sky
559,Gramoteino,RU,54.5368,86.3839,41.99,93,100,9.44,light rain
560,Barranca,PE,-10.75,-77.7667,62.6,88,37,6.46,scattered clouds
561,Patacamaya,BO,-17.2333,-67.9167,44.98,68,99,8.37,light rain
562,Buzmeyin,TM,38.0507,58.2056,82.13,51,40,5.26,scattered clouds
563,Kismayo,SO,-0.3582,42.5454,79.02,76,11,11.74,few clouds
564,Maniwaki,CA,46.3834,-75.966,64.94,82,99,5.19,overcast clouds
565,Chara,RU,56.9064,118.2631,75.13,27,6,2.95,clear sky
566,Tosya,TR,41.0155,34.0401,49.55,66,52,3.2,broken clouds
567,Acapulco,MX,16.8634,-99.8901,82.94,71,100,4.12,overcast clouds
568,Bago,MM,17.3367,96.4797,87.93,53,100,9.95,overcast clouds
569,Kano,NG,12.0001,8.5167,78.69,65,0,2.3,clear sky
570,Guasdualito,VE,7.2424,-70.7324,73.71,93,100,2.8,light rain
571,Yeppoon,AU,-23.1333,150.7333,73.18,43,0,7.0,clear sky
572,Natal,BR,-5.795,-35.2094,75.42,83,20,7.56,few clouds
573,Corn Island,NI,12.1694,-83.0418,82.15,75,44,16.71,scattered clouds
574,Luganville,VU,-15.5333,167.1667,79.79,73,91,5.66,overcast clouds
575,Lakatoro,VU,-16.0999,167.4164,79.39,70,98,6.26,overcast clouds
576,Tiznit,MA,29.5833,-9.5,57.88,88,50,1.21,scattered clouds
577,Dunkwa,GH,5.9656,-1.78,72.91,99,78,0.58,broken clouds
578,Port Shepstone,ZA,-30.7414,30.455,55.92,68,0,9.26,clear sky
579,Itabuna,BR,-14.7856,-39.2803,68.34,99,100,2.3,overcast clouds
580,Murray,US,40.6669,-111.888,88.48,32,1,20.71,clear sky
581,Mbabane,SZ,-26.3167,31.1333,36.91,87,0,4.68,clear sky
582,Dire Dawa,ET,9.5931,41.8661,72.16,56,1,8.72,clear sky
583,Bundaberg,AU,-24.85,152.35,70.09,43,0,4.61,clear sky
584,Saint-Louis,SN,16.3333,-15.0,94.64,22,22,15.14,few clouds
585,Conceicao Das Alagoas,BR,-19.9147,-48.3883,67.71,50,0,7.67,clear sky
586,Samarai,PG,-10.6167,150.6667,76.86,93,100,11.16,overcast clouds
587,Bulaevo,KZ,54.9056,70.4439,54.77,47,0,8.23,clear sky
588,Ahtopol,BG,42.1,27.95,55.87,73,9,6.26,clear sky
589,Jilib,SO,0.4883,42.7854,75.33,83,9,4.68,clear sky
590,Northam,GB,51.0333,-4.2167,53.02,96,0,6.62,clear sky
591,Manaure,CO,11.7751,-72.4445,80.46,78,100,17.72,overcast clouds
592,Celestun,MX,20.8667,-90.4,83.3,70,100,12.62,overcast clouds
593,Mocuba,MZ,-16.8392,36.9856,63.97,75,99,7.34,overcast clouds
594,Imperial,US,33.0334,-115.4175,98.78,17,0,7.05,clear sky
595,Hammerfest,NO,70.6634,23.6821,43.25,93,90,14.97,overcast clouds
596,Pauini,BR,-7.7136,-66.9764,73.45,74,100,0.6,overcast clouds
597,Manggar,ID,-2.8833,108.2667,86.83,65,9,11.1,clear sky
598,Chapais,CA,49.7834,-74.8492,56.98,64,100,5.21,overcast clouds
599,Zhigansk,RU,66.7697,123.3711,41.47,87,100,8.03,moderate rain
600,Sembe,CG,1.6481,14.5806,70.21,96,99,2.26,overcast clouds
601,Clinton,US,42.587,-82.9199,79.05,53,1,5.75,clear sky
602,Saint-Francois,FR,46.4154,3.9054,58.48,98,90,3.44,overcast clouds
603,Kampot,KH,10.6167,104.1833,91.45,62,64,11.52,broken clouds
604,Arkhara,RU,49.4212,130.0842,52.61,92,100,6.8,light rain
605,Bagdarin,RU,54.4333,113.6,77.22,26,14,4.76,few clouds
606,Oistins,BB,13.0667,-59.5333,80.69,65,20,24.16,few clouds
607,North Bend,US,43.4065,-124.2243,57.15,85,1,10.36,clear sky
608,Valdemarpils,LV,57.3707,22.5919,47.62,66,37,2.66,scattered clouds
609,Gamba,GA,-2.65,10.0,74.93,95,55,3.83,broken clouds
610,Amelia,IT,42.5523,12.4182,64.92,67,100,2.33,overcast clouds
611,Meiktila,MM,20.8667,95.8667,91.18,48,100,8.28,overcast clouds
612,Tibati,CM,6.4667,12.6333,64.87,97,99,1.45,overcast clouds
613,Champerico,GT,14.3,-91.9167,84.34,84,98,6.53,overcast clouds
614,Dingle,PH,10.9995,122.6711,84.96,77,92,6.98,overcast clouds
615,Samdrup Jongkhar,BT,26.9167,91.6167,75.58,80,93,2.17,light rain
616,Inongo,CD,-1.95,18.2667,69.96,85,74,3.8,broken clouds
617,Beian,NO,63.6559,9.5683,58.68,94,75,8.05,broken clouds
618,Dondo,MZ,-19.6094,34.7431,60.31,85,0,7.09,clear sky
619,Cefalu,IT,38.0386,14.0229,71.91,60,83,1.01,broken clouds
620,Hobyo,SO,5.3505,48.5268,78.93,82,0,18.3,clear sky
621,Matara,LK,5.9485,80.5353,79.63,88,100,9.01,moderate rain
622,Gizo,SB,-8.103,156.8419,83.07,73,76,4.43,light rain
623,Dogondoutchi,NE,13.6393,4.0287,87.66,49,20,16.42,few clouds
624,Kiunga,PG,-6.1219,141.2906,73.45,99,100,1.45,heavy intensity rain
625,Belmonte,BR,-15.8631,-38.8828,73.9,86,100,7.65,overcast clouds
626,Neuquen,AR,-38.9516,-68.0591,51.69,58,0,4.61,clear sky
627,Vostok,RU,46.4856,135.8833,58.37,68,99,8.37,overcast clouds
628,Deception Bay,AU,-27.2,153.0333,73.09,49,0,4.05,clear sky
629,Sao Felix Do Xingu,BR,-6.6447,-51.995,74.66,78,30,0.89,scattered clouds
630,Liverpool,GB,53.4106,-2.9779,52.63,77,1,0.36,clear sky
631,Agadez,NE,19.75,10.25,88.27,14,4,9.42,clear sky
632,Luban,PL,51.1201,15.2877,65.77,90,80,1.99,broken clouds
633,Dwarka,IN,22.2394,68.9678,85.46,66,76,13.76,broken clouds
634,Amapa,BR,1.0,-52.0,71.38,99,88,1.86,overcast clouds
635,Mangrol,IN,21.1167,70.1167,87.06,59,93,10.04,overcast clouds
636,Maceio,BR,-9.6658,-35.7353,71.04,94,40,8.57,scattered clouds
637,Gilbues,BR,-9.8317,-45.3439,70.52,60,22,5.7,few clouds
638,Puerto Madryn,AR,-42.7692,-65.0385,47.61,57,0,14.79,clear sky
639,Sokoto,NG,13.0609,5.239,82.67,59,6,19.46,clear sky
640,Abong Mbang,CM,3.9833,13.1833,66.81,99,100,1.36,moderate rain
641,Mbeya,TZ,-8.9,33.45,55.31,91,44,6.2,scattered clouds
642,Lufilufi,WS,-13.8745,-171.5986,85.78,74,49,2.93,light rain
643,Norton,ZW,-17.8833,30.7,30.09,81,56,10.22,broken clouds
644,Alofi,NU,-19.0595,-169.9187,76.89,78,93,11.5,overcast clouds
645,Dekar,BW,-21.5333,21.9333,44.42,66,0,7.94,clear sky
646,Tobe,JP,33.7447,132.7901,70.68,63,75,3.85,broken clouds
647,Hadejia,NG,12.4498,10.0444,82.78,52,98,10.92,overcast clouds
648,Galveston,US,29.3669,-94.9669,75.96,91,1,8.5,clear sky
649,Doha,QA,25.2867,51.5333,98.58,23,0,4.61,clear sky
650,Comodoro Rivadavia,AR,-45.8667,-67.5,42.66,65,0,8.05,clear sky
651,Mitsamiouli,KM,-11.3847,43.2844,78.66,73,2,14.97,clear sky
652,Dolinsk,RU,47.35,142.8,62.46,61,22,15.46,few clouds
653,Kologriv,RU,58.8275,44.3178,62.82,58,6,3.94,clear sky
654,Uvalde,US,29.3669,-99.767,71.53,92,1,4.92,clear sky
655,Ca Mau,VN,9.1769,105.15,92.95,51,77,11.14,broken clouds
656,Saint-Honore,CA,48.5334,-71.0824,62.62,86,100,2.93,overcast clouds
657,Paranaiba,BR,-19.6772,-51.1908,71.13,45,29,6.26,scattered clouds
658,Buin,CL,-33.7333,-70.75,61.74,88,92,3.69,overcast clouds
659,Antalaha,MG,-14.9003,50.2788,70.45,89,10,4.32,clear sky
660,The Valley,AI,18.217,-63.0578,80.46,76,100,21.74,overcast clouds
661,Itoigawa,JP,37.0333,137.85,82.62,67,90,4.5,overcast clouds
662,Liaocheng,CN,36.4439,115.9647,92.68,13,5,8.52,light rain
663,Lachute,CA,45.6501,-74.3325,69.51,96,42,4.94,scattered clouds
664,Evensk,RU,61.95,159.2333,43.27,89,98,9.64,overcast clouds
665,Doka,SD,13.5167,35.7667,81.1,53,69,9.84,broken clouds
666,Sukumo,JP,32.9333,132.7333,71.56,67,100,4.0,overcast clouds
667,Kuruman,ZA,-27.4524,23.4325,40.01,59,0,10.58,clear sky
668,Gimli,CA,50.6336,-96.9907,71.62,53,33,9.22,scattered clouds
669,Santa Isabel,BR,-23.3156,-46.2214,69.66,93,1,2.51,clear sky
670,Madarounfa,NE,13.3087,7.156,81.99,61,7,11.7,clear sky
671,Muroto,JP,33.2833,134.15,71.64,77,100,4.18,overcast clouds
672,Viesca,MX,25.35,-102.8,80.96,41,1,5.99,clear sky
673,Surgut,RU,61.25,73.4167,62.78,51,40,17.81,scattered clouds
674,Marzuq,YE,14.4,46.4667,79.25,22,5,5.35,clear sky
675,Katobu,ID,-4.9408,122.5276,88.43,53,98,8.39,overcast clouds
676,Bud,US,39.447,-86.1758,73.38,74,26,5.7,scattered clouds
677,Kalmunai,LK,7.4167,81.8167,84.09,70,100,3.94,overcast clouds
678,Leh,IN,34.1667,77.5833,52.43,33,100,3.42,overcast clouds
679,Kysyl-Syr,RU,63.8986,122.7617,71.98,38,100,8.08,overcast clouds
680,Mabaruma,GY,8.2,-59.7833,73.58,97,73,2.48,broken clouds
681,Trincomalee,LK,8.5711,81.2335,86.02,63,96,13.62,overcast clouds
682,Voyvozh,RU,62.892,54.9635,70.48,40,87,8.75,overcast clouds
683,Kagadi,UG,0.9606,30.7967,60.22,89,98,1.99,overcast clouds
684,Polovinnoye,RU,54.7914,65.9864,56.91,40,3,5.91,clear sky
685,Kaberamaido,UG,1.7389,33.1594,64.67,92,69,2.28,broken clouds
686,Illapel,CL,-31.6308,-71.1653,57.02,91,76,3.31,broken clouds
687,Hailar,CN,49.2,119.7,67.39,39,54,16.73,broken clouds
688,Kez,RU,57.8979,53.7152,62.47,46,2,3.29,clear sky
689,Atar,MR,20.5169,-13.0499,85.66,25,87,13.4,overcast clouds
690,Vestmannaeyjar,IS,63.4427,-20.2734,46.99,86,66,15.17,broken clouds
691,Half Moon Bay,US,37.4636,-122.4286,66.45,80,90,3.44,overcast clouds
692,Utinga,BR,-5.8172,-35.3954,75.6,94,0,4.61,clear sky
693,Evans,US,33.5337,-82.1307,79.0,76,1,1.01,clear sky
694,Daru,PG,-9.0763,143.2092,81.12,72,99,11.79,overcast clouds
695,Sola,VU,-13.8833,167.55,84.87,74,90,0.0,overcast clouds
696,Carballo,ES,43.213,-8.691,52.75,93,8,1.92,clear sky
697,Seybaplaya,MX,19.65,-90.6667,83.43,71,100,5.77,overcast clouds
698,Misratah,LY,32.3754,15.0925,69.06,75,46,9.46,scattered clouds
699,La Ligua,CL,-32.4524,-71.2311,55.6,94,56,0.2,broken clouds
700,Charyshskoye,RU,51.3978,83.5598,41.0,94,100,18.95,overcast clouds
